{"epoch": 10, "loss": 0.9606855876115047, "_timestamp": 1737961106.7930694, "_runtime": 208.84661841392517, "_step": 10, "eval_loss": 0.7416783238327344, "eval_mse": 7.790802478790283, "eval_rmse": 2.791200876235962, "eval_mae": 0.9406477212905884, "eval_r2": 0.911910817027092, "_wandb": {"runtime": 207}}