{"epoch": 20, "loss": 11.928094211739404, "_timestamp": 1737868651.4288142, "_runtime": 231.5243101119995, "_step": 19, "_wandb": {"runtime": 231}}