{"epoch": 10, "loss": 0.4906301808180119, "accuracy": 85.77288730498822, "_timestamp": 1737958582.7474086, "_runtime": 141.04392862319946, "_step": 10, "eval_loss": 0.49587758370359575, "eval_accuracy": 85.6287683031869, "_wandb": {"runtime": 139}}