{"epoch": 10, "loss": 11.075206650582347, "accuracy": 18.592964824120603, "_timestamp": 1737867333.127608, "_runtime": 151.6790370941162, "_step": 9, "_wandb": {"runtime": 152}}