{"epoch": 20, "loss": 1.0216808092833343, "_timestamp": 1737877729.9438725, "_runtime": 240.90932750701904, "_step": 19, "_wandb": {"runtime": 241}}