{"epoch": 10, "loss": 1.22938339459701, "accuracy": 68.25224216453665, "_timestamp": 1737958958.4775698, "_runtime": 137.88447070121765, "_step": 10, "eval_loss": 1.2397625518978135, "eval_accuracy": 67.57105943152455, "_wandb": {"runtime": 136}}