{"epoch": 10, "loss": 13.260927196889641, "_timestamp": 1737960783.0298734, "_runtime": 204.54344248771667, "_step": 10, "eval_loss": 7.202994749958832, "eval_mse": 7.202994346618652, "eval_rmse": 2.6838395595550537, "eval_mae": 1.08382248878479, "eval_r2": 0.9185570552945137, "_wandb": {"runtime": 203}}