{"epoch": 10, "loss": 11.675897513378967, "_timestamp": 1737959740.4773457, "_runtime": 216.62536072731018, "_step": 9, "_wandb": {"runtime": 218}}