{"epoch": 10, "loss": 1.1533417642351327, "_timestamp": 1737959468.4626467, "_runtime": 215.9184067249298, "_step": 9, "_wandb": {"runtime": 217}}