{"epoch": 20, "loss": 0.9799952688540505, "_timestamp": 1737878487.3276587, "_runtime": 247.5677216053009, "_step": 20, "eval_loss": 0.7789971618110713, "gold_mse": 3.169280529022217, "gold_rmse": 1.7802473306655884, "gold_mae": 0.5677531361579895, "gold_r_squared": 0.8522825837135315, "medal_mse": 14.565993309020996, "medal_rmse": 3.816542148590088, "medal_mae": 1.3941857814788818, "medal_r_squared": 0.9039385542273521, "_wandb": {"runtime": 246}}