{"epoch": 10, "loss": 0.932019599958286, "_timestamp": 1737879057.6896603, "_runtime": 130.4710772037506, "_step": 10, "eval_loss": 0.7429407263329736, "gold_mse": 2.828104019165039, "gold_rmse": 1.6816967725753784, "gold_mae": 0.5357061624526978, "gold_r_squared": 0.8681845217943192, "medal_mse": 12.232656478881836, "medal_rmse": 3.49752140045166, "medal_mae": 1.3429348468780518, "medal_r_squared": 0.9193267077207565, "_wandb": {"runtime": 129}}