{"epoch": 20, "loss": 1.1912928643704797, "_timestamp": 1737875804.5137742, "_runtime": 298.47150206565857, "_step": 19, "_wandb": {"runtime": 296}}