{"epoch": 10, "loss": 0.4904030912503613, "accuracy": 85.81326241669268, "_timestamp": 1737840479.376675, "_runtime": 115.1337959766388, "_step": 10, "eval_loss": 0.49603487235127075, "eval_accuracy": 85.63522825150731, "_wandb": {"runtime": 113}}