{"eval_loss": 220.32458825229378, "gold_mse": 412.0081481933594, "gold_rmse": 20.297983169555664, "gold_mae": 9.145936012268066, "gold_r_squared": -18.20334243774414, "medal_mse": 28.641029357910156, "medal_rmse": 5.351731300354004, "medal_mae": 1.8762104511260986, "medal_r_squared": 0.8111149221658707, "_timestamp": 1737878186.9527133, "_runtime": 13.460489273071289, "_step": 0, "_wandb": {"runtime": 12}}