{"epoch": 10, "loss": 0.4902983123300201, "accuracy": 85.7605056040655, "_timestamp": 1737839084.1611335, "_runtime": 106.1174795627594, "_step": 10, "eval_loss": 0.4957750621392871, "eval_accuracy": 85.6244616709733, "_wandb": {"runtime": 104}}