{"epoch": 20, "loss": 13.01645705975579, "accuracy": 24.413735343383586, "_timestamp": 1737867755.2697346, "_runtime": 283.82454562187195, "_step": 19, "_wandb": {"runtime": 284}}